{
  "intermediate-01.sql" : {
    "transaction" : "intermediate-01.sql",
    "sampleCount" : 3182,
    "errorCount" : 0,
    "errorPct" : 0.0,
    "meanResTime" : 801.5955373978635,
    "medianResTime" : 660.5,
    "minResTime" : 121.0,
    "maxResTime" : 44162.0,
    "pct1ResTime" : 925.7000000000003,
    "pct2ResTime" : 1003.8499999999999,
    "pct3ResTime" : 1202.6800000000003,
    "throughput" : 1.767476324871258,
    "receivedKBytesPerSec" : 1.6811737699459037,
    "sentKBytesPerSec" : 0.0
  },
  "simple-06.sql" : {
    "transaction" : "simple-06.sql",
    "sampleCount" : 7403,
    "errorCount" : 0,
    "errorPct" : 0.0,
    "meanResTime" : 228.73375658516818,
    "medianResTime" : 219.0,
    "minResTime" : 77.0,
    "maxResTime" : 2203.0,
    "pct1ResTime" : 300.0,
    "pct2ResTime" : 331.0,
    "pct3ResTime" : 408.0,
    "throughput" : 4.2135614868072215,
    "receivedKBytesPerSec" : 0.049377673673522124,
    "sentKBytesPerSec" : 0.0
  },
  "intermediate-06.sql" : {
    "transaction" : "intermediate-06.sql",
    "sampleCount" : 3181,
    "errorCount" : 0,
    "errorPct" : 0.0,
    "meanResTime" : 441.847532222572,
    "medianResTime" : 419.0,
    "minResTime" : 89.0,
    "maxResTime" : 2618.0,
    "pct1ResTime" : 686.8000000000002,
    "pct2ResTime" : 759.8999999999996,
    "pct3ResTime" : 925.0,
    "throughput" : 1.814086113487311,
    "receivedKBytesPerSec" : 0.021258821642429426,
    "sentKBytesPerSec" : 0.0
  },
  "complex-04.sql" : {
    "transaction" : "complex-04.sql",
    "sampleCount" : 1319,
    "errorCount" : 0,
    "errorPct" : 0.0,
    "meanResTime" : 1306.7884761182718,
    "medianResTime" : 1208.0,
    "minResTime" : 556.0,
    "maxResTime" : 7461.0,
    "pct1ResTime" : 1747.0,
    "pct2ResTime" : 2203.0,
    "pct3ResTime" : 3763.3999999999987,
    "throughput" : 0.7513991176899519,
    "receivedKBytesPerSec" : 391.9669094700429,
    "sentKBytesPerSec" : 0.0
  },
  "simple-01.sql" : {
    "transaction" : "simple-01.sql",
    "sampleCount" : 7405,
    "errorCount" : 0,
    "errorPct" : 0.0,
    "meanResTime" : 322.3720459149227,
    "medianResTime" : 205.0,
    "minResTime" : 78.0,
    "maxResTime" : 42462.0,
    "pct1ResTime" : 276.0,
    "pct2ResTime" : 306.0,
    "pct3ResTime" : 401.8199999999988,
    "throughput" : 4.113838608639227,
    "receivedKBytesPerSec" : 4.464557520859468,
    "sentKBytesPerSec" : 0.0
  },
  "simple-14.sql" : {
    "transaction" : "simple-14.sql",
    "sampleCount" : 7390,
    "errorCount" : 0,
    "errorPct" : 0.0,
    "meanResTime" : 153.1660351826792,
    "medianResTime" : 132.0,
    "minResTime" : 78.0,
    "maxResTime" : 2117.0,
    "pct1ResTime" : 234.0,
    "pct2ResTime" : 271.0,
    "pct3ResTime" : 376.0,
    "throughput" : 4.215599085688469,
    "receivedKBytesPerSec" : 1.0827173432969408,
    "sentKBytesPerSec" : 0.0
  },
  "intermediate-10.sql" : {
    "transaction" : "intermediate-10.sql",
    "sampleCount" : 3173,
    "errorCount" : 0,
    "errorPct" : 0.0,
    "meanResTime" : 751.3309171131408,
    "medianResTime" : 739.0,
    "minResTime" : 146.0,
    "maxResTime" : 2820.0,
    "pct1ResTime" : 1015.0,
    "pct2ResTime" : 1102.0,
    "pct3ResTime" : 1279.2599999999998,
    "throughput" : 1.81101930764612,
    "receivedKBytesPerSec" : 6.27666750276961,
    "sentKBytesPerSec" : 0.0
  },
  "simple-07.sql" : {
    "transaction" : "simple-07.sql",
    "sampleCount" : 7402,
    "errorCount" : 0,
    "errorPct" : 0.0,
    "meanResTime" : 208.25817346663126,
    "medianResTime" : 199.0,
    "minResTime" : 77.0,
    "maxResTime" : 2185.0,
    "pct1ResTime" : 271.0,
    "pct2ResTime" : 296.84999999999945,
    "pct3ResTime" : 369.0,
    "throughput" : 4.21341199279815,
    "receivedKBytesPerSec" : 1.403099110882978,
    "sentKBytesPerSec" : 0.0
  },
  "complex-05.sql" : {
    "transaction" : "complex-05.sql",
    "sampleCount" : 1318,
    "errorCount" : 0,
    "errorPct" : 0.0,
    "meanResTime" : 342.530349013657,
    "medianResTime" : 313.0,
    "minResTime" : 144.0,
    "maxResTime" : 2406.0,
    "pct1ResTime" : 475.0,
    "pct2ResTime" : 544.05,
    "pct3ResTime" : 759.7699999999991,
    "throughput" : 0.7517681953000228,
    "receivedKBytesPerSec" : 1.383255217245608,
    "sentKBytesPerSec" : 0.0
  },
  "intermediate-05.sql" : {
    "transaction" : "intermediate-05.sql",
    "sampleCount" : 3181,
    "errorCount" : 0,
    "errorPct" : 0.0,
    "meanResTime" : 321.5265639735923,
    "medianResTime" : 300.0,
    "minResTime" : 92.0,
    "maxResTime" : 2368.0,
    "pct1ResTime" : 439.0,
    "pct2ResTime" : 507.4999999999982,
    "pct3ResTime" : 701.0,
    "throughput" : 1.8136062085652842,
    "receivedKBytesPerSec" : 3.7266991191096284,
    "sentKBytesPerSec" : 0.0
  },
  "simple-13.sql" : {
    "transaction" : "simple-13.sql",
    "sampleCount" : 7392,
    "errorCount" : 0,
    "errorPct" : 0.0,
    "meanResTime" : 210.63244047619074,
    "medianResTime" : 201.0,
    "minResTime" : 82.0,
    "maxResTime" : 2124.0,
    "pct1ResTime" : 274.0,
    "pct2ResTime" : 304.0,
    "pct3ResTime" : 387.0699999999997,
    "throughput" : 4.216035307014291,
    "receivedKBytesPerSec" : 0.4199566419096267,
    "sentKBytesPerSec" : 0.0
  },
  "complex-02.sql" : {
    "transaction" : "complex-02.sql",
    "sampleCount" : 1320,
    "errorCount" : 0,
    "errorPct" : 0.0,
    "meanResTime" : 1389.2659090909083,
    "medianResTime" : 1345.5,
    "minResTime" : 800.0,
    "maxResTime" : 4561.0,
    "pct1ResTime" : 1685.9,
    "pct2ResTime" : 1843.8000000000002,
    "pct3ResTime" : 2593.399999999998,
    "throughput" : 0.7509766963966203,
    "receivedKBytesPerSec" : 319.3344685262893,
    "sentKBytesPerSec" : 0.0
  },
  "intermediate-09.sql" : {
    "transaction" : "intermediate-09.sql",
    "sampleCount" : 3173,
    "errorCount" : 0,
    "errorPct" : 0.0,
    "meanResTime" : 368.0280491648278,
    "medianResTime" : 357.0,
    "minResTime" : 101.0,
    "maxResTime" : 2651.0,
    "pct1ResTime" : 498.0,
    "pct2ResTime" : 558.0,
    "pct3ResTime" : 731.5199999999995,
    "throughput" : 1.8112219269163674,
    "receivedKBytesPerSec" : 7.1139986231031545,
    "sentKBytesPerSec" : 0.0
  },
  "simple-04.sql" : {
    "transaction" : "simple-04.sql",
    "sampleCount" : 7403,
    "errorCount" : 0,
    "errorPct" : 0.0,
    "meanResTime" : 300.95204646764824,
    "medianResTime" : 288.0,
    "minResTime" : 84.0,
    "maxResTime" : 2384.0,
    "pct1ResTime" : 433.0,
    "pct2ResTime" : 482.7999999999993,
    "pct3ResTime" : 578.96,
    "throughput" : 4.213964428060916,
    "receivedKBytesPerSec" : 0.4979391560501668,
    "sentKBytesPerSec" : 0.0
  },
  "complex-06.sql" : {
    "transaction" : "complex-06.sql",
    "sampleCount" : 1317,
    "errorCount" : 0,
    "errorPct" : 0.0,
    "meanResTime" : 690.4457099468494,
    "medianResTime" : 556.0,
    "minResTime" : 262.0,
    "maxResTime" : 5695.0,
    "pct1ResTime" : 1109.6000000000001,
    "pct2ResTime" : 1452.3999999999987,
    "pct3ResTime" : 2924.5199999999945,
    "throughput" : 0.7510838533510202,
    "receivedKBytesPerSec" : 447.0342540057093,
    "sentKBytesPerSec" : 0.0
  },
  "simple-08.sql" : {
    "transaction" : "simple-08.sql",
    "sampleCount" : 7400,
    "errorCount" : 0,
    "errorPct" : 0.0,
    "meanResTime" : 632.0071621621615,
    "medianResTime" : 610.0,
    "minResTime" : 111.0,
    "maxResTime" : 3065.0,
    "pct1ResTime" : 941.0,
    "pct2ResTime" : 1042.0,
    "pct3ResTime" : 1292.9799999999996,
    "throughput" : 4.212901841095036,
    "receivedKBytesPerSec" : 402.8587385547128,
    "sentKBytesPerSec" : 0.0
  },
  "simple-12.sql" : {
    "transaction" : "simple-12.sql",
    "sampleCount" : 7392,
    "errorCount" : 0,
    "errorPct" : 0.0,
    "meanResTime" : 576.6768127705622,
    "medianResTime" : 563.0,
    "minResTime" : 124.0,
    "maxResTime" : 2458.0,
    "pct1ResTime" : 810.6999999999998,
    "pct2ResTime" : 889.0,
    "pct3ResTime" : 1052.3499999999985,
    "throughput" : 4.214494508671014,