{
  "intermediate-01.sql" : {
    "transaction" : "intermediate-01.sql",
    "sampleCount" : 2195,
    "errorCount" : 0,
    "errorPct" : 0.0,
    "meanResTime" : 190.53621867881574,
    "medianResTime" : 139.0,
    "minResTime" : 109.0,
    "maxResTime" : 42592.0,
    "pct1ResTime" : 195.0,
    "pct2ResTime" : 213.0,
    "pct3ResTime" : 280.0,
    "throughput" : 1.2200381963666762,
    "receivedKBytesPerSec" : 1.1604660188097096,
    "sentKBytesPerSec" : 0.0
  },
  "intermediate-06.sql" : {
    "transaction" : "intermediate-06.sql",
    "sampleCount" : 2195,
    "errorCount" : 0,
    "errorPct" : 0.0,
    "meanResTime" : 108.81457858769936,
    "medianResTime" : 102.0,
    "minResTime" : 85.0,
    "maxResTime" : 1803.0,
    "pct1ResTime" : 132.0,
    "pct2ResTime" : 149.0,
    "pct3ResTime" : 180.0,
    "throughput" : 1.2496619650151584,
    "receivedKBytesPerSec" : 0.014644476152521386,
    "sentKBytesPerSec" : 0.0
  },
  "simple-06.sql" : {
    "transaction" : "simple-06.sql",
    "sampleCount" : 5145,
    "errorCount" : 0,
    "errorPct" : 0.0,
    "meanResTime" : 94.00058309037891,
    "medianResTime" : 87.0,
    "minResTime" : 76.0,
    "maxResTime" : 1776.0,
    "pct1ResTime" : 108.0,
    "pct2ResTime" : 117.0,
    "pct3ResTime" : 144.0,
    "throughput" : 2.930017847766637,
    "receivedKBytesPerSec" : 0.03433614665351528,
    "sentKBytesPerSec" : 0.0
  },
  "complex-04.sql" : {
    "transaction" : "complex-04.sql",
    "sampleCount" : 923,
    "errorCount" : 0,
    "errorPct" : 0.0,
    "meanResTime" : 321.02708559046573,
    "medianResTime" : 253.0,
    "minResTime" : 168.0,
    "maxResTime" : 7681.0,
    "pct1ResTime" : 430.6,
    "pct2ResTime" : 582.5999999999997,
    "pct3ResTime" : 1763.9599999999994,
    "throughput" : 0.526631702429695,
    "receivedKBytesPerSec" : 274.7171189991872,
    "sentKBytesPerSec" : 0.0
  },
  "simple-01.sql" : {
    "transaction" : "simple-01.sql",
    "sampleCount" : 5145,
    "errorCount" : 0,
    "errorPct" : 0.0,
    "meanResTime" : 131.14324586977622,
    "medianResTime" : 83.0,
    "minResTime" : 73.0,
    "maxResTime" : 42985.0,
    "pct1ResTime" : 101.0,
    "pct2ResTime" : 109.0,
    "pct3ResTime" : 134.0,
    "throughput" : 2.860106599424977,
    "receivedKBytesPerSec" : 3.103560492227403,
    "sentKBytesPerSec" : 0.0
  },
  "simple-14.sql" : {
    "transaction" : "simple-14.sql",
    "sampleCount" : 5141,
    "errorCount" : 0,
    "errorPct" : 0.0,
    "meanResTime" : 89.62692083252271,
    "medianResTime" : 84.0,
    "minResTime" : 75.0,
    "maxResTime" : 1871.0,
    "pct1ResTime" : 99.0,
    "pct2ResTime" : 107.0,
    "pct3ResTime" : 130.57999999999993,
    "throughput" : 2.9290309642044043,
    "receivedKBytesPerSec" : 0.752280413657967,
    "sentKBytesPerSec" : 0.0
  },
  "intermediate-10.sql" : {
    "transaction" : "intermediate-10.sql",
    "sampleCount" : 2194,
    "errorCount" : 0,
    "errorPct" : 0.0,
    "meanResTime" : 178.87055606198737,
    "medianResTime" : 166.5,
    "minResTime" : 125.0,
    "maxResTime" : 1866.0,
    "pct1ResTime" : 228.0,
    "pct2ResTime" : 253.25,
    "pct3ResTime" : 306.0500000000002,
    "throughput" : 1.2495180471069443,
    "receivedKBytesPerSec" : 4.33060502849858,
    "sentKBytesPerSec" : 0.0
  },
  "simple-07.sql" : {
    "transaction" : "simple-07.sql",
    "sampleCount" : 5145,
    "errorCount" : 0,
    "errorPct" : 0.0,
    "meanResTime" : 86.26861030126342,
    "medianResTime" : 82.0,
    "minResTime" : 73.0,
    "maxResTime" : 1762.0,
    "pct1ResTime" : 98.0,
    "pct2ResTime" : 104.0,
    "pct3ResTime" : 126.0,
    "throughput" : 2.930016179156395,
    "receivedKBytesPerSec" : 0.9757182784104791,
    "sentKBytesPerSec" : 0.0
  },
  "complex-05.sql" : {
    "transaction" : "complex-05.sql",
    "sampleCount" : 923,
    "errorCount" : 0,
    "errorPct" : 0.0,
    "meanResTime" : 125.08884073672799,
    "medianResTime" : 109.0,
    "minResTime" : 90.0,
    "maxResTime" : 1876.0,
    "pct1ResTime" : 139.0,
    "pct2ResTime" : 149.0,
    "pct3ResTime" : 220.79999999999995,
    "throughput" : 0.5267332834943589,
    "receivedKBytesPerSec" : 0.9690467511456307,
    "sentKBytesPerSec" : 0.0
  },
  "intermediate-05.sql" : {
    "transaction" : "intermediate-05.sql",
    "sampleCount" : 2195,
    "errorCount" : 0,
    "errorPct" : 0.0,
    "meanResTime" : 115.2113895216402,
    "medianResTime" : 110.0,
    "minResTime" : 89.0,
    "maxResTime" : 1794.0,
    "pct1ResTime" : 138.4000000000001,
    "pct2ResTime" : 154.19999999999982,
    "pct3ResTime" : 187.0,
    "throughput" : 1.249652004652463,
    "receivedKBytesPerSec" : 2.568116931347136,
    "sentKBytesPerSec" : 0.0
  },
  "simple-13.sql" : {
    "transaction" : "simple-13.sql",
    "sampleCount" : 5141,
    "errorCount" : 0,
    "errorPct" : 0.0,
    "meanResTime" : 91.0459054658628,
    "medianResTime" : 84.0,
    "minResTime" : 75.0,
    "maxResTime" : 1818.0,
    "pct1ResTime" : 100.0,
    "pct2ResTime" : 108.0,
    "pct3ResTime" : 130.0,
    "throughput" : 2.9290276266387116,
    "receivedKBytesPerSec" : 0.2917586112472154,
    "sentKBytesPerSec" : 0.0
  },
  "complex-02.sql" : {
    "transaction" : "complex-02.sql",
    "sampleCount" : 924,
    "errorCount" : 0,
    "errorPct" : 0.0,
    "meanResTime" : 457.0746753246754,
    "medianResTime" : 415.5,
    "minResTime" : 293.0,
    "maxResTime" : 6811.0,
    "pct1ResTime" : 564.0,
    "pct2ResTime" : 626.5,
    "pct3ResTime" : 1502.25,
    "throughput" : 0.5256433157398317,
    "receivedKBytesPerSec" : 223.51452364321165,
    "sentKBytesPerSec" : 0.0
  },
  "intermediate-09.sql" : {
    "transaction" : "intermediate-09.sql",
    "sampleCount" : 2194,
    "errorCount" : 0,
    "errorPct" : 0.0,
    "meanResTime" : 129.92114858705568,
    "medianResTime" : 119.0,
    "minResTime" : 94.0,
    "maxResTime" : 1907.0,
    "pct1ResTime" : 155.0,
    "pct2ResTime" : 170.25,
    "pct3ResTime" : 264.0,
    "throughput" : 1.2495272982417773,
    "receivedKBytesPerSec" : 4.907811321805106,
    "sentKBytesPerSec" : 0.0
  },
  "simple-04.sql" : {
    "transaction" : "simple-04.sql",
    "sampleCount" : 5145,
    "errorCount" : 0,
    "errorPct" : 0.0,
    "meanResTime" : 103.77473275024303,
    "medianResTime" : 97.0,
    "minResTime" : 80.0,
    "maxResTime" : 1823.0,
    "pct1ResTime" : 128.0,
    "pct2ResTime" : 142.0,
    "pct3ResTime" : 173.0,
    "throughput" : 2.929964453181503,
    "receivedKBytesPerSec" : 0.34621650276851745,
    "sentKBytesPerSec" : 0.0
  },
  "complex-06.sql" : {
    "transaction" : "complex-06.sql",
    "sampleCount" : 923,
    "errorCount" : 0,
    "errorPct" : 0.0,
    "meanResTime" : 242.1289274106176,
    "medianResTime" : 177.0,
    "minResTime" : 110.0,
    "maxResTime" : 6072.0,
    "pct1ResTime" : 365.6,
    "pct2ResTime" : 493.1999999999996,
    "pct3ResTime" : 2039.3999999999974,
    "throughput" : 0.5260107470321425,
    "receivedKBytesPerSec" : 313.073994134453,
    "sentKBytesPerSec" : 0.0
  },
  "simple-08.sql" : {
    "transaction" : "simple-08.sql",
    "sampleCount" : 5145,
    "errorCount" : 0,
    "errorPct" : 0.0,
    "meanResTime" : 142.2064139941692,
    "medianResTime" : 110.0,
    "minResTime" : 86.0,
    "maxResTime" : 3213.0,
    "pct1ResTime" : 179.0,
    "pct2ResTime" : 270.39999999999964,
    "pct3ResTime" : 682.6999999999998,
    "throughput" : 2.929237145801427,
    "receivedKBytesPerSec" : 280.10830206726143,
    "sentKBytesPerSec" : 0.0
  },
  "simple-12.sql" : {
    "transaction" : "simple-12.sql",
    "sampleCount" : 5141,
    "errorCount" : 0,
    "errorPct" : 0.0,
    "meanResTime" : 137.83894184010944,
    "medianResTime" : 125.0,
    "minResTime" : 95.0,
    "maxResTime" : 1904.0,
    "pct1ResTime" : 171.0,
    "pct2ResTime" : 191.0,
    "pct3ResTime" : 241.15999999999985,
    "throughput" : 2.9289809015176465,
    "receivedKBytesPerSec" : 0.972513189957031,
    "sentKBytesPerSec" : 0.0
  },
  "intermediate-03.sql" : {
    "transaction" : "intermediate-03.sql",
    "sampleCount" : 2195,