{
  "intermediate-01.sql" : {
    "transaction" : "intermediate-01.sql",
    "sampleCount" : 3125,
    "errorCount" : 0,
    "errorPct" : 0.0,
    "meanResTime" : 340.84383999999983,
    "medianResTime" : 259.0,
    "minResTime" : 111.0,
    "maxResTime" : 43513.0,
    "pct1ResTime" : 405.0,
    "pct2ResTime" : 452.0,
    "pct3ResTime" : 567.7399999999998,
    "throughput" : 1.736117862680577,
    "receivedKBytesPerSec" : 1.6513464826668771,
    "sentKBytesPerSec" : 0.0
  },
  "simple-06.sql" : {
    "transaction" : "simple-06.sql",
    "sampleCount" : 6698,
    "errorCount" : 0,
    "errorPct" : 0.0,
    "meanResTime" : 127.71916990146329,
    "medianResTime" : 120.0,
    "minResTime" : 76.0,
    "maxResTime" : 2427.0,
    "pct1ResTime" : 166.0,
    "pct2ResTime" : 183.0,
    "pct3ResTime" : 227.01000000000022,
    "throughput" : 3.8126572479194887,
    "receivedKBytesPerSec" : 0.04467957712405651,
    "sentKBytesPerSec" : 0.0
  },
  "intermediate-06.sql" : {
    "transaction" : "intermediate-06.sql",
    "sampleCount" : 3124,
    "errorCount" : 0,
    "errorPct" : 0.0,
    "meanResTime" : 183.22567221510883,
    "medianResTime" : 164.0,
    "minResTime" : 86.0,
    "maxResTime" : 2100.0,
    "pct1ResTime" : 276.0,
    "pct2ResTime" : 320.0,
    "pct3ResTime" : 413.75,
    "throughput" : 1.779957586413978,
    "receivedKBytesPerSec" : 0.020858877965788804,
    "sentKBytesPerSec" : 0.0
  },
  "complex-04.sql" : {
    "transaction" : "complex-04.sql",
    "sampleCount" : 977,
    "errorCount" : 0,
    "errorPct" : 0.0,
    "meanResTime" : 716.9457523029675,
    "medianResTime" : 533.0,
    "minResTime" : 216.0,
    "maxResTime" : 11805.0,
    "pct1ResTime" : 1069.6000000000006,
    "pct2ResTime" : 1469.999999999999,
    "pct3ResTime" : 5042.520000000002,
    "throughput" : 0.5562970318677914,
    "receivedKBytesPerSec" : 290.1920207185413,
    "sentKBytesPerSec" : 0.0
  },
  "simple-01.sql" : {
    "transaction" : "simple-01.sql",
    "sampleCount" : 6701,
    "errorCount" : 0,
    "errorPct" : 0.0,
    "meanResTime" : 179.89031487837636,
    "medianResTime" : 111.0,
    "minResTime" : 74.0,
    "maxResTime" : 42705.0,
    "pct1ResTime" : 152.0,
    "pct2ResTime" : 167.0,
    "pct3ResTime" : 208.0,
    "throughput" : 3.7232742143396895,
    "receivedKBytesPerSec" : 4.0406326095215475,
    "sentKBytesPerSec" : 0.0
  },
  "simple-14.sql" : {
    "transaction" : "simple-14.sql",
    "sampleCount" : 6691,
    "errorCount" : 0,
    "errorPct" : 0.0,
    "meanResTime" : 111.20266028994175,
    "medianResTime" : 100.0,
    "minResTime" : 75.0,
    "maxResTime" : 2028.0,
    "pct1ResTime" : 140.0,
    "pct2ResTime" : 159.0,
    "pct3ResTime" : 213.0,
    "throughput" : 3.8141090683564047,
    "receivedKBytesPerSec" : 0.9796002782985688,
    "sentKBytesPerSec" : 0.0
  },
  "intermediate-10.sql" : {
    "transaction" : "intermediate-10.sql",
    "sampleCount" : 3120,
    "errorCount" : 0,
    "errorPct" : 0.0,
    "meanResTime" : 324.9942307692307,
    "medianResTime" : 308.0,
    "minResTime" : 126.0,
    "maxResTime" : 2244.0,
    "pct1ResTime" : 455.0,
    "pct2ResTime" : 508.9499999999998,
    "pct3ResTime" : 609.5799999999999,
    "throughput" : 1.778988097885399,
    "receivedKBytesPerSec" : 6.165653085346954,
    "sentKBytesPerSec" : 0.0
  },
  "simple-07.sql" : {
    "transaction" : "simple-07.sql",
    "sampleCount" : 6697,
    "errorCount" : 0,
    "errorPct" : 0.0,
    "meanResTime" : 114.22084515454671,
    "medianResTime" : 107.0,
    "minResTime" : 73.0,
    "maxResTime" : 1874.0,
    "pct1ResTime" : 148.0,
    "pct2ResTime" : 163.0,
    "pct3ResTime" : 203.0,
    "throughput" : 3.81312336197114,
    "receivedKBytesPerSec" : 1.2697998695626551,
    "sentKBytesPerSec" : 0.0
  },
  "complex-05.sql" : {
    "transaction" : "complex-05.sql",
    "sampleCount" : 976,
    "errorCount" : 0,
    "errorPct" : 0.0,
    "meanResTime" : 181.32991803278685,
    "medianResTime" : 169.0,
    "minResTime" : 94.0,
    "maxResTime" : 2011.0,
    "pct1ResTime" : 248.30000000000007,
    "pct2ResTime" : 273.15,
    "pct3ResTime" : 419.23,
    "throughput" : 0.5562039536071194,
    "receivedKBytesPerSec" : 1.0234118464461075,
    "sentKBytesPerSec" : 0.0
  },
  "intermediate-05.sql" : {
    "transaction" : "intermediate-05.sql",
    "sampleCount" : 3124,
    "errorCount" : 0,
    "errorPct" : 0.0,
    "meanResTime" : 175.85659411011525,
    "medianResTime" : 164.0,
    "minResTime" : 91.0,
    "maxResTime" : 1956.0,
    "pct1ResTime" : 234.0,
    "pct2ResTime" : 269.75,
    "pct3ResTime" : 393.5,
    "throughput" : 1.7799109360827374,
    "receivedKBytesPerSec" : 3.6574873584090537,
    "sentKBytesPerSec" : 0.0
  },
  "simple-13.sql" : {
    "transaction" : "simple-13.sql",
    "sampleCount" : 6691,
    "errorCount" : 0,
    "errorPct" : 0.0,
    "meanResTime" : 117.62875504408915,
    "medianResTime" : 111.0,
    "minResTime" : 75.0,
    "maxResTime" : 2328.0,
    "pct1ResTime" : 151.80000000000018,
    "pct2ResTime" : 167.0,
    "pct3ResTime" : 208.07999999999993,
    "throughput" : 3.8140525405545906,
    "receivedKBytesPerSec" : 0.379915389781805,
    "sentKBytesPerSec" : 0.0
  },
  "complex-02.sql" : {
    "transaction" : "complex-02.sql",
    "sampleCount" : 977,
    "errorCount" : 0,
    "errorPct" : 0.0,
    "meanResTime" : 905.7963152507672,
    "medianResTime" : 851.0,
    "minResTime" : 442.0,
    "maxResTime" : 5597.0,
    "pct1ResTime" : 1127.2,
    "pct2ResTime" : 1274.1999999999998,
    "pct3ResTime" : 3176.7600000000043,
    "throughput" : 0.5563901724524791,
    "receivedKBytesPerSec" : 236.59055515669615,
    "sentKBytesPerSec" : 0.0
  },
  "intermediate-09.sql" : {
    "transaction" : "intermediate-09.sql",
    "sampleCount" : 3120,
    "errorCount" : 0,
    "errorPct" : 0.0,
    "meanResTime" : 195.1820512820511,
    "medianResTime" : 181.0,
    "minResTime" : 97.0,
    "maxResTime" : 2120.0,
    "pct1ResTime" : 256.0,
    "pct2ResTime" : 287.9499999999998,
    "pct3ResTime" : 405.9499999999998,
    "throughput" : 1.7790114284378398,
    "receivedKBytesPerSec" : 6.987484340993157,
    "sentKBytesPerSec" : 0.0
  },
  "simple-04.sql" : {
    "transaction" : "simple-04.sql",
    "sampleCount" : 6700,
    "errorCount" : 0,
    "errorPct" : 0.0,
    "meanResTime" : 155.37417910447707,
    "medianResTime" : 143.0,
    "minResTime" : 80.0,
    "maxResTime" : 2029.0,
    "pct1ResTime" : 216.0,
    "pct2ResTime" : 243.0,
    "pct3ResTime" : 328.0,
    "throughput" : 3.8132378544105787,
    "receivedKBytesPerSec" : 0.45058767615593753,
    "sentKBytesPerSec" : 0.0
  },
  "complex-06.sql" : {
    "transaction" : "complex-06.sql",
    "sampleCount" : 976,
    "errorCount" : 0,
    "errorPct" : 0.0,
    "meanResTime" : 452.2141393442623,
    "medianResTime" : 301.5,
    "minResTime" : 136.0,
    "maxResTime" : 7864.0,
    "pct1ResTime" : 770.3000000000001,
    "pct2ResTime" : 1133.1999999999994,
    "pct3ResTime" : 3354.390000000009,
    "throughput" : 0.5559983160542804,
    "receivedKBytesPerSec" : 330.922161802346,
    "sentKBytesPerSec" : 0.0
  },
  "simple-08.sql" : {
    "transaction" : "simple-08.sql",
    "sampleCount" : 6697,
    "errorCount" : 0,
    "errorPct" : 0.0,
    "meanResTime" : 260.2501119904438,
    "medianResTime" : 212.0,
    "minResTime" : 88.0,
    "maxResTime" : 4265.0,
    "pct1ResTime" : 400.0,
    "pct2ResTime" : 475.0,
    "pct3ResTime" : 1253.0,
    "throughput" : 3.812708725449674,
    "receivedKBytesPerSec" : 364.59027187112514,
    "sentKBytesPerSec" : 0.0
  },
  "simple-12.sql" : {
    "transaction" : "simple-12.sql",
    "sampleCount" : 6691,
    "errorCount" : 0,
    "errorPct" : 0.0,
    "meanResTime" : 239.16245703183375,
    "medianResTime" : 219.0,
    "minResTime" : 97.0,
    "maxResTime" : 2235.0,
    "pct1ResTime" : 347.0,
    "pct2ResTime" : 391.0,
    "pct3ResTime" : 505.0799999999999,
    "throughput" : 3.8139525339328344,
    "receivedKBytesPerSec" : 1.2663514272823864,
    "sentKBytesPerSec" : 0.0
  },